{
    "15946697671": [
        {
            "count": 2,
            "presaleWare": 0,
            "stockStateId": 33,
            "wname": "三只松鼠坚果炒货零食每日坚果手剥开口松子100g/袋",
            "adword": "",
            "isDotScheme": false,
            "jdShop": false,
            "sourceValueFeedback": "{\"sid\":\"0376480c-fd67-44af-b349-2dabf0dc7700\",\"index\":\"1\",\"source\":\"0\",\"page\":\"1\",\"reqsig\":\"35e836cf835a5f66e4a4029d4ccec9fd8544b0e6\",\"flow\":\"20\",\"skuid\":\"4053463\",\"expid\":\"100\"}",
            "promotion": "false",
            "venderId": "1000015268",
            "isPinGouWare": false,
            "jdPrice": "24.90",
            "followCount": "",
            "good": "100%",
            "flow": "20",
            "markFlag": 0,
            "imageurlType": 0,
            "isPlusWare": false,
            "remainNum": -1,
            "isSamWare": false,
            "abt": "",
            "canNegFeedback": "1",
            "iconC": "tab_020",
            "recomText": "满99元减50元",
            "endRemainTime": 0,
            "similarEnter": "1",
            "feminine": false,
            "canFreeRead": "false",
            "imageurl": "http://m.360buyimg.com/mobilecms/s276x276_jfs/t5170/122/443463169/348090/2a68bff4/58ff269fN7b7e087b.jpg!q70.jpg",
            "wareId": "4053463",
            "expid": "100",
            "couponSortType": 0,
            "sourceValue": "1_1_4053463_100_20_0376480c-fd67-44af-b349-2dabf0dc7700_0_-100_35e836cf835a5f66e4a4029d4ccec9fd8544b0e6_-100",
            "sid": "0376480c-fd67-44af-b349-2dabf0dc7700",
            "mp": 0,
            "startRemainTime": 0,
            "itemType": 0,
            "isFeedBackSlide": 0,
            "category1": "1320",
            "category3": "1591",
            "commentCount": "829193",
            "canAddCart": "0",
            "category2": "1583",
            "source": "0",
            "sourceValueSimilar": "0_00_1_4053463_100_1_20_0_0376480c-fd67-44af-b349-2dabf0dc7700",
            "reqsig": "35e836cf835a5f66e4a4029d4ccec9fd8544b0e6",
            "book": "false",
            "clickUrl": "http://mercury.jd.com/log.gif?t=rec.619128&v=src=rec$action=1$reqsig=35e836cf835a5f66e4a4029d4ccec9fd8544b0e6$enb=1$sku=0$p=619128$pin=$uuid=-1$csku=4053463$index=0$st=0$adcli=$expid=100$im=&rid=1646079626873165226&ver=1&sig=9ed7a16e34dbd1cc94623e67c7b66b43bc6b6fc4",
            "exposureSourceValue": "4053463#35e836cf835a5f66e4a4029d4ccec9fd8544b0e6#0376480c-fd67-44af-b349-2dabf0dc7700#20#0#0#100#满减#-100#1#1#0"
        }
    ]
}